"Name","Url","DataSource","ExtractedDate","Firm_","Trading_Name_","Address","Postal_Address_","Mobile_No_","Email","Conditions_relating_to_prequalification_","Maintenance_and_General_Works__Group","Traffic_Management_Services__contract__Groups","Traffic_Control_Systems_Supply___Maintenance__a","PrequalificationCategories","Letter"
"A J Williams Group Pty Ltd","https://webapps.vicroads.vic.gov.au/vrne/prequal.nsf/b5fea222939e6f00ca25783e000334ef/1569dabaa85a1b14ca257526007a6485?OpenDocument","Fresh","2025-09-12 10:38:27","A J Williams Group Pty Ltd&nbsp","&nbsp","44 Smyth StreetALLENDALE  VIC   3364&nbsp","P O Box 239CRESWICK  VIC 3363&nbsp","0412 834 856&nbsp","[email&#160;protected]&nbsp","A J Williams Group Pty Ltd (ACN: 075 085 960)  - 1 Third Avenue, SUNSHINE  VIC 3020","Categories: Categories:, Categories:, Maintenance Bridges (M2-BW), Maintenance Pavements (M2-PW), Maintenance Roadsides (M2-RW)","Categories: Categories:","Categories: SCTV- Closed Circuit Television, SCTV - Communications, SSLC - Street Lighting & Conduit Installation, STCE - Traffic Control Equipment, STCE 1 - Traffic Control Equipment 1, STCE 2 - Traffic Control Equipment 2, STS - Traffic Signals, STS1 - Traffic Signals Installation, STS2 - Traffic Signals Maintenance, SVDL - Vehicle Detection Loops","Categories: M2-BW, M2-PW, M2-RW, screen, script, scripts, SCTV, Section, see, Service, Services, Signals, size, Smyth, src, SSLC, static, STCE, Street, strong, STS, STS1, STS2, style, SUNSHINE, superseded, supplierdetails, Supply, SVDL, Systems","A"
"A Plus Traffic Management**","https://webapps.vicroads.vic.gov.au/vrne/prequal.nsf/b5fea222939e6f00ca25783e000334ef/656ec25e3da9214cca2580080083c95d?OpenDocument","Fresh","2025-09-12 10:38:28","LJ & LJ Pty Ltd&nbsp","A Plus Traffic Management&nbsp","177 Queen StreetWARRAGUL VIC   3820&nbsp","PO Box 190WARRAGUL VIC 3820&nbsp","0439 002 484&nbsp","[email&#160;protected]&nbsp",,,"Categories: Categories:",,"Categories: screen, script, scripts, Section, see, Service, Services, size, src, static, Street, strong, style, superseded, supplierdetails","A"
"A S James Pty Ltd","https://webapps.vicroads.vic.gov.au/vrne/prequal.nsf/b5fea222939e6f00ca25783e000334ef/e8ed7c03b7048e60ca256d0a0007352c?OpenDocument","Fresh","2025-09-12 10:38:29","A S James Pty Ltd&nbsp","&nbsp","15 Libbett AvenueCLAYTON SOUTH VIC   3806&nbsp","&quot;As Above&quot;&nbsp","&nbsp","[email&#160;protected]&nbsp",,,,,"Categories: screen, script, scripts, Section, Service, size, SOUTH, src, static, strong, style, supplierdetails","A"
"A W Evans (Evans Earthmoving)**","https://webapps.vicroads.vic.gov.au/vrne/prequal.nsf/b5fea222939e6f00ca25783e000334ef/53362b0ad554678cca258a51001781df?OpenDocument","Fresh","2025-09-12 10:38:29","Deja Eight Pty Ltd&nbsp","A W Evans (Evans Earthmoving)&nbsp","25 Turner DriveFORREST   VIC   3236&nbsp","&quot;As Above&quot; &nbsp","0411 863 286&nbsp","[email&#160;protected]&nbsp",,,,,"Categories: B1, F005, R1, screen, script, scripts, Section, Service, size, src, static, strong, style, supplierdetails","A"
"A1 Asphalting Pty Ltd","https://webapps.vicroads.vic.gov.au/vrne/prequal.nsf/b5fea222939e6f00ca25783e000334ef/aa5a3147fac82c1bca257bad000baab5?OpenDocument","Fresh","2025-09-12 10:38:30","A1 Asphalting Pty Ltd&nbsp","&nbsp","50 Parinda RoadDROUIN VIC    3818&nbsp","PO BOX  188DROUIN, VIC  3818&nbsp","0400 829 287&nbsp","[email&#160;protected] &nbsp",,"Categories: Categories:, Categories:, Maintenance Works-Minor (M1)",,,"Categories: M1, screen, script, scripts, Section, Service, size, src, static, strong, style, supplierdetails, Surfacing","A"
"A1 Civil Pty Ltd","https://webapps.vicroads.vic.gov.au/vrne/prequal.nsf/b5fea222939e6f00ca25783e000334ef/174b8795632736f2ca257db70017ff9e?OpenDocument","Fresh","2025-09-12 10:38:31","A1 Civil Pty Ltd&nbsp","&nbsp","12 Weerong RoadDROUIN VIC   3818&nbsp","P O Box 188DROUIN VIC 3818&nbsp","0400 829 287&nbsp","[email&#160;protected]&nbsp",,,,,"Categories: F005, R1, screen, script, scripts, Section, Service, size, src, static, strong, style, supplierdetails","A"
"A1 Highways Pty Ltd","https://webapps.vicroads.vic.gov.au/vrne/prequal.nsf/b5fea222939e6f00ca25783e000334ef/1ef451d6050c4468ca257d1f001c5f55?OpenDocument","Fresh","2025-09-12 10:38:31","A1 Highways Pty Ltd&nbsp","&nbsp","3-9 Octal StYATALA QLD   4207&nbsp","&quot;As Above&quot; &nbsp","&nbsp","[email&#160;protected]&nbsp",,"Categories: Categories:, Categories:, Maintenance Works-Minor (M1)",,,"Categories: M1, screen, script, scripts, SE, Section, Service, Sign, size, src, St, static, strong, style, supplierdetails","A"
"A1 Traffic Management**","https://webapps.vicroads.vic.gov.au/vrne/prequal.nsf/b5fea222939e6f00ca25783e000334ef/d7318284ae904871ca2573c90005f58c?OpenDocument","Fresh","2025-09-12 10:38:32","Skyrider Tower Hire Pty Ltd&nbsp","A1 Traffic Management&nbsp","Shed 4, 319 Learmonth RoadWENDOUREE  VIC   3355&nbsp","P.O. Box 112WENDOUREE  VIC 3355&nbsp","0429 959 088&nbsp","[email&#160;protected]&nbsp",,,"Categories: Categories:",,"Categories: screen, script, scripts, Section, see, Service, Services, Shed, size, Skyrider, src, static, strong, style, superseded, supplierdetails","A"
"AAM Pty Ltd","https://webapps.vicroads.vic.gov.au/vrne/prequal.nsf/b5fea222939e6f00ca25783e000334ef/9b606d6170503ac7ca257eac0004af8d?OpenDocument","Fresh","2025-09-12 10:38:33","AAM Pty Ltd&nbsp","&nbsp","90 Camberwell RoadHAWTHORN EAST  VIC   3123&nbsp","&quot;As Above&quot; &nbsp","0488 579 686&nbsp","[email&#160;protected]&nbsp",,,,,"Categories: screen, script, scripts, Section, Service, size, src, static, strong, style, supplierdetails, Surveying","A"
"ABC Traffic Management Pty Ltd","https://webapps.vicroads.vic.gov.au/vrne/prequal.nsf/b5fea222939e6f00ca25783e000334ef/3ca2f76a4c003832ca257a0c002bd1ae?OpenDocument","Fresh","2025-09-12 10:38:33","ABC Traffic Management Pty Ltd&nbsp","&nbsp","266-268 Maroondah HighwayCHIRNSIDE PARK VIC   3116&nbsp","P O Box 8097CROYDON VIC 3136&nbsp","0447 444 700&nbsp","[email&#160;protected]&nbsp",,,"Categories: Categories:",,"Categories: screen, script, scripts, Section, see, Service, Services, size, src, static, strong, style, superseded, supplierdetails","A"
"ABD Group Construction Pty Ltd","https://webapps.vicroads.vic.gov.au/vrne/prequal.nsf/b5fea222939e6f00ca25783e000334ef/5104130b8de60d60ca258431007e41e8?OpenDocument","Fresh","2025-09-12 10:38:34","ABD Group Construction Pty Ltd&nbsp","&nbsp","Level 1, 99 Queensbridge StreetSOUTHBANK  VIC   3006&nbsp","&quot;As Above&quot; &nbsp","0413 543 121&nbsp","[email&#160;protected]&nbsp",,,"Categories: Categories:",,"Categories: screen, script, scripts, Section, see, Service, Services, size, SOUTHBANK, src, static, Street, strong, style, superseded, supplierdetails","A"
"Abergeldie Contractors Pty Ltd","https://webapps.vicroads.vic.gov.au/vrne/prequal.nsf/b5fea222939e6f00ca25783e000334ef/8e4c98fcf7342298ca2578610007a86e?OpenDocument","Fresh","2025-09-12 10:38:35","Abergeldie Contractors Pty Ltd&nbsp","&nbsp","5 George Young StreetREGENTS PARK,  NSW   2143&nbsp","&quot;As Above&quot; &nbsp","0425 247 649&nbsp","[email&#160;protected]&nbsp",,,,,"Categories: B4, F150, R4, screen, script, scripts, Section, Service, size, src, static, Street, strong, style, supplierdetails","A"
"Absafe Pty Ltd","https://webapps.vicroads.vic.gov.au/vrne/prequal.nsf/b5fea222939e6f00ca25783e000334ef/687aa3f0b676d301ca25818c00166b46?OpenDocument","Fresh","2025-09-12 10:38:35","Absafe Pty Ltd&nbsp","&nbsp","106 Gipps StreetCOLLINGWOOD  VIC   3066&nbsp","&quot;As Above&quot; &nbsp","&nbsp","[email&#160;protected]&nbsp",,"Categories: Categories:, Categories:, Maintenance Bridges (M2-BW)",,,"Categories: M2-BW, screen, script, scripts, Section, Service, size, src, static, Street, strong, style, supplierdetails","A"
"Absolute Civil Constructions (Vic) Pty Ltd","https://webapps.vicroads.vic.gov.au/vrne/prequal.nsf/b5fea222939e6f00ca25783e000334ef/2d31c1caddff7232ca257a980007938f?OpenDocument","Fresh","2025-09-12 10:38:36","Absolute Civil Constructions (Vic) Pty Ltd&nbsp","&nbsp","Unit 8 / 7 Dunstans CourtTHOMASTOWN VIC   3074&nbsp","PO Box 474RESERVOIR  VIC 3073&nbsp","0421 541 102&nbsp","[email&#160;protected]&nbsp",,,,,"Categories: F002, R2, screen, script, scripts, Section, Service, size, src, static, strong, style, supplierdetails","A"
"Acciona Construction Australia Pty Ltd","https://webapps.vicroads.vic.gov.au/vrne/prequal.nsf/b5fea222939e6f00ca25783e000334ef/fadf54ddc544c5e7ca2581e1001573a1?OpenDocument","Fresh","2025-09-12 10:38:36","Acciona Construction Australia Pty Ltd&nbsp","&nbsp","11 Eastern RoadtSOUTH MELBOURNE  VIC   3205&nbsp","&quot;As Above&quot; &nbsp","+61 429967801&nbsp","[email&#160;protected]&nbsp",,,,,"Categories: B4, F150, R5, screen, script, scripts, Section, Service, size, SOUTH, Southern, src, static, strong, style, supplierdetails","A"
"Acciona Engineering and Design Australia Pty Ltd","https://webapps.vicroads.vic.gov.au/vrne/prequal.nsf/b5fea222939e6f00ca25783e000334ef/4d6d11e306b41fa5ca258b180017546b?OpenDocument","Fresh","2025-09-12 10:38:37","Acciona Engineering and Design Australia Pty Ltd&nbsp","&nbsp","Level 3, 11 Eastern RoadSouth Melbourne, VIC   3027&nbsp","&quot;As Above&quot; &nbsp","0424 850 733&nbsp","[email&#160;protected]&nbsp",,,,,"Categories: screen, script, scripts, Section, Service, Services, SH, Simple, size, South, src, SS, static, strong, Structures, style, supplierdetails","A"
"Acciona Rail Pty Ltd","https://webapps.vicroads.vic.gov.au/vrne/prequal.nsf/b5fea222939e6f00ca25783e000334ef/71363cca5219a119ca258973007dc293?OpenDocument","Fresh","2025-09-12 10:38:38","Acciona Rail Pty Ltd&nbsp","&nbsp","174 Turner StreetPORT MELBOURNE  VIC   3207&nbsp","&quot;As Above&quot; &nbsp","0404 811 529&nbsp","[email&#160;protected]&nbsp",,,,,"Categories: B4, F150, R3, screen, script, scripts, Sean, Section, Service, size, src, static, Street, strong, style, supplierdetails","A"
"ACE Earthmoving Pty Ltd","https://webapps.vicroads.vic.gov.au/vrne/prequal.nsf/b5fea222939e6f00ca25783e000334ef/7ff13d4bd3382366ca25833900037e89?OpenDocument","Fresh","2025-09-12 10:38:38","ACE Earthmoving Pty Ltd&nbsp","&nbsp","44 Wells RoadMIRBOO NORTH VIC   3871&nbsp","PO Box 709MORWELL VIC 3840&nbsp","0418 544 849&nbsp","[email&#160;protected]&nbsp",,,,,"Categories: F002, R1, screen, script, scripts, Section, Service, size, src, static, strong, style, supplierdetails","A"
"Ace Electrical Infrastructure Pty Ltd","https://webapps.vicroads.vic.gov.au/vrne/prequal.nsf/b5fea222939e6f00ca25783e000334ef/181ea7dc5dfb95f1ca257f1600071199?OpenDocument","Fresh","2025-09-12 10:38:39","Ace Electrical Infrastructure Pty Ltd&nbsp","&nbsp","11-13 Moncrief RoadNUNAWADING  VIC   3131&nbsp","&quot;As Above&quot;&nbsp","0400 340 057&nbsp","[email&#160;protected][email&#160;protected]&nbsp",,,"Categories: Categories:","Categories: SSLC - Street Lighting & Conduit Installation, STCE 1 - Traffic Control Equipment 1","Categories: screen, script, scripts, Section, Service, Services, size, src, SSLC, static, STCE, Street, strong, style, supplierdetails, Supply, Systems","A"
"Ace Energy Services Pty Ltd","https://webapps.vicroads.vic.gov.au/vrne/prequal.nsf/b5fea222939e6f00ca25783e000334ef/b4cc5c70eeae857aca257fbd0029fe2e?OpenDocument","Fresh","2025-09-12 10:38:40","Ace Energy Services Pty Ltd&nbsp","&nbsp","185 -191 Liverpool RoadKILSYTH  VIC   3137&nbsp","&quot;As Above&quot; &nbsp","0417 835 006&nbsp","[email&#160;protected] [email&#160;protected]&nbsp",,,"Categories: Categories:","Categories: SSLC - Street Lighting & Conduit Installation, STCE 1 - Traffic Control Equipment 1","Categories: screen, script, scripts, Section, Service, Services, size, src, SSLC, static, STCE, Street, strong, style, supplierdetails, Supply, Systems","A"
"Ace Infrastructure Pty Ltd","https://webapps.vicroads.vic.gov.au/vrne/prequal.nsf/b5fea222939e6f00ca25783e000334ef/f6fc427cee842faeca25794f00075702?OpenDocument","Fresh","2025-09-12 10:38:40","Ace Infrastructure Pty Ltd&nbsp","&nbsp","11-13 Moncrief RoadNUNAWADING  VIC   3131&nbsp","&quot;As Above&quot; &nbsp","0425 730 059&nbsp","[email&#160;protected]&nbsp",,,,,"Categories: B3, F050, R4, screen, script, scripts, Secretary, Section, Service, size, src, static, strong, style, supplierdetails","A"
"Ace Traffic solutions**","https://webapps.vicroads.vic.gov.au/vrne/prequal.nsf/b5fea222939e6f00ca25783e000334ef/272b9dc844bedeb1ca257b50002825f8?OpenDocument","Fresh","2025-09-12 10:38:41","Ace Tree Management Pty Ltd&nbsp","Ace Traffic solutions&nbsp","185-191 Liverpool RoadKILSYTH, VIC   3137&nbsp","&quot;As Above&quot; &nbsp","0448 338 122&nbsp","[email&#160;protected]&nbsp",,,"Categories: Categories:",,"Categories: screen, script, scripts, Section, see, Service, Services, size, solutions, src, static, strong, style, superseded, supplierdetails","A"
"Ace Tree Management**","https://webapps.vicroads.vic.gov.au/vrne/prequal.nsf/b5fea222939e6f00ca25783e000334ef/d024894ef1103613ca25740f001fa0dc?OpenDocument","Fresh","2025-09-12 10:38:41","V & GL Calvi Pty Ltd&nbsp","Ace Tree Management&nbsp","191A Liverpool RoadKILSYTH  VIC   3137&nbsp","&quot;As Above&quot; &nbsp","0488 434 559&nbsp","[email&#160;protected]&nbsp",,"Categories: Categories:, Categories:, Maintenance Roadsides (M2-RW), Maintenance Works-Minor (M1)",,,"Categories: M1, M2-RW, screen, script, scripts, Section, Senior, Service, size, src, static, strong, style, supplierdetails","A"
"ACOR Consultants (VIC) Pty Ltd","https://webapps.vicroads.vic.gov.au/vrne/prequal.nsf/b5fea222939e6f00ca25783e000334ef/59c57b68087addc5ca25857c001be5d7?OpenDocument","Fresh","2025-09-12 10:38:42","ACOR Consultants (VIC) Pty Ltd&nbsp","&nbsp","Level 1, 173 Burke RoadGLEN IRIS  VIC   3146&nbsp","&quot;As Above&quot; &nbsp","0428 987 810&nbsp","[email&#160;protected]&nbsp",,,,,"Categories: screen, script, scripts, Section, Service, SH, Sharma, Simple, size, src, static, strong, style, supplierdetails","A"
"Active Excavations Pty Ltd","https://webapps.vicroads.vic.gov.au/vrne/prequal.nsf/b5fea222939e6f00ca25783e000334ef/6cbba5618880360eca256d0b001672a4?OpenDocument","Fresh","2025-09-12 10:38:43","Active Excavations Pty Ltd&nbsp","&nbsp","482 Allies RoadMAIDEN GULLY  VIC   3551&nbsp","PO BOX 1013MAIDEN GULLY  VIC 3551&nbsp","0408 855 581&nbsp","[email&#160;protected]&nbsp",,,,,"Categories: F005, R2, screen, script, scripts, Section, Service, Shaw, size, src, static, strong, style, supplierdetails","A"
"Active Traffic Management Pty Ltd","https://webapps.vicroads.vic.gov.au/vrne/prequal.nsf/b5fea222939e6f00ca25783e000334ef/29323a0944fa4395ca2575fd000275ee?OpenDocument","Fresh","2025-09-12 10:38:43","Active Traffic Management Pty Ltd&nbsp","&nbsp","15b Corporate TerracePAKENHAM  VIC   3810&nbsp","&quot;As Above&quot;&nbsp","0400 225 855&nbsp","[email&#160;protected]&nbsp",,,"Categories: Categories:",,"Categories: screen, script, scripts, Section, see, Service, Services, Sharon, size, src, static, strong, style, superseded, supplierdetails","A"
"ADC Civil Pty Ltd","https://webapps.vicroads.vic.gov.au/vrne/prequal.nsf/b5fea222939e6f00ca25783e000334ef/8f4c9eb351c6117dca258218008146b3?OpenDocument","Fresh","2025-09-12 10:38:44","ADC Civil Pty Ltd&nbsp","&nbsp","10 Lucien CourtBANNOCKBURN  VIC   3331&nbsp","P O Box 354BANNOCKBURN  VIC 3331&nbsp","0414 673 768&nbsp","[email&#160;protected]&nbsp",,,,,"Categories: F001, R1, screen, script, scripts, Section, Service, Shane, size, src, static, strong, style, supplierdetails","A"
"ADE Consulting Group (Vic) Pty Ltd","https://webapps.vicroads.vic.gov.au/vrne/prequal.nsf/b5fea222939e6f00ca25783e000334ef/b60931ce1181e0afca2583990073a20a?OpenDocument","Fresh","2025-09-12 10:38:45","ADE Consulting Group (Vic) Pty Ltd&nbsp","&nbsp","4/95 Salmon StreetPORT MELBOURNE  VIC   3207&nbsp","&quot;As Above&quot; &nbsp","0450 380 414&nbsp","[email&#160;protected]&nbsp",,,,,"Categories: Salmon, screen, script, scripts, Section, Service, Services, size, src, static, Street, strong, style, supplierdetails","A"
"Adept Drainage Pty Ltd","https://webapps.vicroads.vic.gov.au/vrne/prequal.nsf/b5fea222939e6f00ca25783e000334ef/6e11445390444558ca257cf3001cb546?OpenDocument","Fresh","2025-09-12 10:38:45","Adept Drainage Pty Ltd&nbsp","&nbsp","Suite 1112/1 Queens RoadMelbourne   3004&nbsp","&quot;As Above&quot; &nbsp","0406791254&nbsp","[email&#160;protected]&nbsp",,,"Categories: Categories:",,"Categories: screen, script, scripts, Section, see, Seen, Service, Services, size, src, static, strong, style, Suite, superseded, supplierdetails","A"
"ADG Engineers (Aust) Pty Ltd","https://webapps.vicroads.vic.gov.au/vrne/prequal.nsf/b5fea222939e6f00ca25783e000334ef/746551741c598c21ca2582020082cb54?OpenDocument","Fresh","2025-09-12 10:38:46","ADG Engineers (Aust) Pty Ltd&nbsp","&nbsp","321 / 838 Collins StreetDOCKLANDS  VIC   3008&nbsp","&quot;As Above&quot; &nbsp","&nbsp","[email&#160;protected]&nbsp",,,,,"Categories: screen, script, scripts, Section, Service, Simple, size, src, SS, static, Street, strong, Structures, style, supplierdetails","A"
"Advanced Traffic Management Pty Ltd","https://webapps.vicroads.vic.gov.au/vrne/prequal.nsf/b5fea222939e6f00ca25783e000334ef/1cae2077ec5ff583ca25796a0080475c?OpenDocument","Fresh","2025-09-12 10:38:46","Advanced Traffic Management Pty Ltd&nbsp","&nbsp","45A Rimfire DriveHallam. Victoria    3803&nbsp","P O Box 171LYNDHURST  VIC 3975&nbsp","0497975 588&nbsp","[email&#160;protected]&nbsp",,,"Categories: Categories:",,"Categories: Sant, screen, script, scripts, Section, see, Service, Services, size, src, static, strong, style, superseded, supplierdetails","A"
"Advantia Transport Consulting**","https://webapps.vicroads.vic.gov.au/vrne/prequal.nsf/b5fea222939e6f00ca25783e000334ef/4aa1201d5905312dca258566001fc4ac?OpenDocument","Fresh","2025-09-12 10:38:47","Jalavica Pty Ltd&nbsp","Advantia Transport Consulting&nbsp","30/240 Plenty RoadBUNDDORA  VIC   3083&nbsp","PO Box 680GREENSBOROUGH  VIC 3088&nbsp","0466 071 508&nbsp","[email&#160;protected]&nbsp",,,"Categories: Categories:",,"Categories: Safety, screen, script, scripts, Section, Service, Services, size, src, static, Strategies, strong, style, supplierdetails, surveys","A"
"AECOM Australia Pty Ltd","https://webapps.vicroads.vic.gov.au/vrne/prequal.nsf/b5fea222939e6f00ca25783e000334ef/bd9249a956fbf005ca256d5d0000b267?OpenDocument","Fresh","2025-09-12 10:38:48","AECOM Australia Pty Ltd&nbsp","&nbsp","Level 10, Tower 2,727  Collins StreetMELBOURNE  VIC   3008&nbsp","&quot;As Above&quot; &nbsp","+61 488 379 581&nbsp","[email&#160;protected]&nbsp",,,"Categories: Categories:",,"Categories: Safety, Scheme, Scott, screen, script, scripts, Section, Seear, Senior, Sensitive, Service, Services, SH, SI, Signal, Signing, Simple, Simulation, Sivakumar, size, Social, Specialist, Specialists, src, SRSA, SS, ST, Statement, static, Stephanie, Stewart, Strategic, Strategies, Strategy, Street, strong, Structures, Studies, Study, style, supplierdetails, Survey, surveys, Systems","A"
"AECOM Services Pty Ltd","https://webapps.vicroads.vic.gov.au/vrne/prequal.nsf/b5fea222939e6f00ca25783e000334ef/331d6476f5512f92ca258b2e00189a8d?OpenDocument","Fresh","2025-09-12 10:38:48","AECOM Services Pty Ltd&nbsp","&nbsp","Level 10, Tower 2/727 Collins StDocklands Vic   3008&nbsp","&quot;As Above&quot; &nbsp","0499 987 241&nbsp","[email&#160;protected]&nbsp",,,,,"Categories: screen, script, scripts, Section, Service, Services, Shanks, size, Specialists, src, St, static, strong, Structures, style, supplierdetails","A"
"Agile Safety &amp; Traffic**","https://webapps.vicroads.vic.gov.au/vrne/prequal.nsf/b5fea222939e6f00ca25783e000334ef/ff5cb4601f5f3e36ca2587580019ccd7?OpenDocument","Fresh","2025-09-12 10:38:49","Agile Group (Global) Pty LTD&nbsp","Agile Safety & Traffic&nbsp","Unit 1, 358 Foleys Road DEER PARK  VIC   3023&nbsp","U1/31-35 George StreetTHEBARTON  SA 5031&nbsp","0419 921 138&nbsp","[email&#160;protected] &nbsp",,,"Categories: Categories:",,"Categories: SA, Safety, screen, script, scripts, Section, see, Service, Services, size, South, src, static, Street, strong, style, superseded, supplierdetails","A"
"Agile Services Pty Ltd","https://webapps.vicroads.vic.gov.au/vrne/prequal.nsf/b5fea222939e6f00ca25783e000334ef/a60be1459f949a5dca257ec1001aef89?OpenDocument","Fresh","2025-09-12 10:38:50","Agile Services Pty Ltd&nbsp","&nbsp","46-48 Capital Link DriveCAMPBELLFIELD  VIC    3061&nbsp","&quot;As Above&quot; &nbsp","0419 002 791&nbsp","[email&#160;protected]&nbsp",,,"Categories: Categories:",,"Categories: screen, script, scripts, Section, see, Service, Services, size, src, static, strong, style, superseded, supplierdetails","A"
"AIG Just Traffic Pty Ltd","https://webapps.vicroads.vic.gov.au/vrne/prequal.nsf/b5fea222939e6f00ca25783e000334ef/928d3454a945fc5cca257b8e0026e129?OpenDocument","Fresh","2025-09-12 10:38:50","AIG Just Traffic Pty Ltd&nbsp","&nbsp","35 Hancock StreetSOUTHBANK  VIC   3006&nbsp","&quot;As Above&quot; &nbsp","0411 988 993&nbsp","18/7/22Dustan Mackay [email&#160;protected]0412 186 497 &nbsp",,,"Categories: Categories:",,"Categories: screen, script, scripts, Section, see, Service, Services, Simmons, size, SOUTHBANK, src, static, Street, strong, style, superseded, supplierdetails","A"
"AlbCon Pty Ltd","https://webapps.vicroads.vic.gov.au/vrne/prequal.nsf/b5fea222939e6f00ca25783e000334ef/1734a6e241d26347ca25809700121769?OpenDocument","Fresh","2025-09-12 10:38:51","AlbCon Pty Ltd&nbsp","&nbsp","6 Tea Tree LaneLAKE BUNGA  VIC   3909&nbsp","P O Box 437LAKES ENTRANCE  VIC 3909&nbsp","0418 149 820&nbsp","[email&#160;protected]&nbsp",,,,,"Categories: F002, R1, screen, script, scripts, Section, Service, size, src, static, strong, style, supplierdetails","A"
"Aldridge Electrical Industries Pty Ltd","https://webapps.vicroads.vic.gov.au/vrne/prequal.nsf/b5fea222939e6f00ca25783e000334ef/93054a42a3df5ea8ca2570ff001d35ae?OpenDocument","Fresh","2025-09-12 10:38:52","Aldridge Electrical Industries Pty Ltd&nbsp","&nbsp","Unit 10-16 Sir Joseph Banks DriveKurnell   2231&nbsp","PO BOX 380GYMEA  NSW 2227&nbsp","0418 266 874&nbsp","[email&#160;protected]&nbsp",,,"Categories: Categories:","Categories: SOED - Supply of On-Road Electronic Devices","Categories: screen, script, scripts, Section, Service, Services, Sir, size, SOED, src, static, strong, style, supplierdetails, Supply, Systems","A"
"Aldridge Traffic Controllers Pty Ltd","https://webapps.vicroads.vic.gov.au/vrne/prequal.nsf/b5fea222939e6f00ca25783e000334ef/123374efe88fa5caca2574090081fc4d?OpenDocument","Fresh","2025-09-12 10:38:52","Aldridge Traffic Controllers Pty Ltd&nbsp","&nbsp","Unit N, 10 - 16 South StRydalmere, NSW    2116&nbsp","P.O. Box 324Ermington, NSW 2115&nbsp","0413 861 303&nbsp","[email&#160;protected] &nbsp",,,"Categories: Categories:","Categories: SOED - Supply of On-Road Electronic Devices","Categories: screen, script, scripts, Section, Service, Services, size, SOED, South, src, St, static, strong, style, supplierdetails, Supply, Systems","A"
"Alex Fraser Asphalt Pty Ltd","https://webapps.vicroads.vic.gov.au/vrne/prequal.nsf/b5fea222939e6f00ca25783e000334ef/e4a308a027ef687fca2572fd00814d2a?OpenDocument","Fresh","2025-09-12 10:38:53","Alex Fraser Asphalt Pty Ltd&nbsp","&nbsp","Level 1, 50 Parkwest DriveDERRIMUT  VIC    3030&nbsp","PO Box 17LAVERTON  VIC  3028&nbsp","0408 446 434&nbsp","[email&#160;protected]&nbsp","Change of Company name as per &quot;Alert&quot; Equifax. 13/01/2023  Anj","Categories: Categories:, Categories:",,,"Categories: screen, script, scripts, Section, Service, size, src, static, strong, style, supplierdetails, Surfacing","A"
"All About Traffic Management Pty Ltd","https://webapps.vicroads.vic.gov.au/vrne/prequal.nsf/b5fea222939e6f00ca25783e000334ef/6d9c01524096146bca25778b00230ab0?OpenDocument","Fresh","2025-09-12 10:38:53","All About Traffic Management Pty Ltd&nbsp","&nbsp","38 Grandview PdeMoolap, Vic   3221&nbsp","Po Box 2090Grovedale 2090&nbsp","0459480322&nbsp","[email&#160;protected]&nbsp",,,"Categories: Categories:",,"Categories: screen, script, scripts, Section, see, Service, Services, size, src, static, strong, style, superseded, supplierdetails","A"
"All Roads Traffic Solutions Pty Ltd","https://webapps.vicroads.vic.gov.au/vrne/prequal.nsf/b5fea222939e6f00ca25783e000334ef/cd13e293cc8e4ad6ca257c0100091204?OpenDocument","Fresh","2025-09-12 10:38:54","All Roads Traffic Solutions Pty Ltd &nbsp","&nbsp","Suite 210, 585 Collins StreetMelbourne, VIC    3000&nbsp","&quot;As Above&quot; &nbsp","0407 444 234&nbsp","[email&#160;protected]&nbsp",,,"Categories: Categories:",,"Categories: screen, script, scripts, Section, see, Service, Services, size, Solutions, src, static, Street, strong, style, Suite, superseded, supplierdetails","A"
"All Round Traffic Control Pty Ltd","https://webapps.vicroads.vic.gov.au/vrne/prequal.nsf/b5fea222939e6f00ca25783e000334ef/b8e28f68e0a49b9eca257c70000454dc?OpenDocument","Fresh","2025-09-12 10:38:55","All Round Traffic Control Pty Ltd&nbsp","&nbsp","Level 2, 256 Queens StreetMelbourne, VIC   3000&nbsp","&quot;As Above&quot; &nbsp","0477 293 458&nbsp","[email&#160;protected]&nbsp",,,"Categories: Categories:",,"Categories: screen, script, scripts, Section, see, Service, Services, size, src, static, Street, strong, style, superseded, supplierdetails","A"
"All Traffic Management  Services**","https://webapps.vicroads.vic.gov.au/vrne/prequal.nsf/b5fea222939e6f00ca25783e000334ef/e14b8969643ec07bca2575af0024772d?OpenDocument","Fresh","2025-09-12 10:38:55","Mollica Consultants Pty Ltd&nbsp","All Traffic Management  Services&nbsp","U4 47-51 Rebecca DriveRAVENHALL VIC   3023&nbsp","PO BOX 134 DEER PARK  VIC  3023&nbsp","0412 495 733&nbsp","[email&#160;protected][email&#160;protected]&nbsp",,,"Categories: Categories:",,"Categories: Sal, screen, script, scripts, Section, see, Service, Services, size, src, static, strong, style, superseded, supplierdetails","A"
"Allan Bowman &amp; Associates Pty Ltd","https://webapps.vicroads.vic.gov.au/vrne/prequal.nsf/b5fea222939e6f00ca25783e000334ef/2a6331d2b515c6feca256d0a00073619?OpenDocument","Fresh","2025-09-12 10:38:56","Allan Bowman & Associates Pty Ltd&nbsp","&nbsp","191  B Middleborough Road Box Hill VIC   3128&nbsp","&quot;As Above&quot;&nbsp","&nbsp","[email&#160;protected]&nbsp",,,,,"Categories: screen, script, scripts, Section, Service, size, src, static, strong, style, supplierdetails","A"
"Allens Asphalt Pty Ltd","https://webapps.vicroads.vic.gov.au/vrne/prequal.nsf/b5fea222939e6f00ca25783e000334ef/4bd074896ec0751aca25833e00775378?OpenDocument","Fresh","2025-09-12 10:38:57","Allens Asphalt Pty Ltd&nbsp","&nbsp","34 - 40 Potassium StreetNARANGBA QLD   4053&nbsp","PO Box 376KALLANGUR QLD 4053&nbsp","0417 782 934&nbsp","[email&#160;protected]&nbsp",,"Categories: Categories:, Categories:, Maintenance Pavements (M2-PW), Maintenance Works-Minor (M1)",,,"Categories: F150, M1, M2-PW, R1, screen, script, scripts, Seal, Section, Service, size, Sprayed, src, static, Street, strong, style, supplierdetails, Surfacing","A"
"Allequip Constructions Pty Ltd","https://webapps.vicroads.vic.gov.au/vrne/prequal.nsf/b5fea222939e6f00ca25783e000334ef/7619a91d65153823ca25800c001e9987?OpenDocument","Fresh","2025-09-12 10:38:57","Allequip Constructions Pty Ltd&nbsp","&nbsp","200 Forbes-Moranding RoadKILMORE VIC   3764&nbsp","PO BOX 395KILMORE VIC 3764&nbsp","0418 581 304&nbsp","[email&#160;protected]&nbsp",,,,,"Categories: F002, R2, screen, script, scripts, Section, Service, size, src, static, strong, style, supplierdetails","A"
"Allgood Contracting Pty Ltd","https://webapps.vicroads.vic.gov.au/vrne/prequal.nsf/b5fea222939e6f00ca25783e000334ef/c06816117d4f1451ca2583460024398b?OpenDocument","Fresh","2025-09-12 10:38:58","Allgood Contracting Pty Ltd&nbsp","&nbsp","2 Simpson WaySEABROOK  VIC   3028&nbsp","&quot;As Above&quot; &nbsp","0439 651 145&nbsp","[email&#160;protected]&nbsp",,,"Categories: Categories:",,"Categories: screen, script, scripts, SEABROOK, Section, see, Service, Services, Simpson, size, src, static, strong, style, superseded, supplierdetails","A"
"Allied Schraven Group**","https://webapps.vicroads.vic.gov.au/vrne/prequal.nsf/b5fea222939e6f00ca25783e000334ef/5b84fd62692d350bca25755500069327?OpenDocument","Fresh","2025-09-12 10:38:58","Allied Schraven Pty Ltd&nbsp","Allied Schraven Group&nbsp","4 Rushwood DriveCRAIGIEBURN  VIC   3064&nbsp","&quot;As Above&quot; &nbsp","0412 751 220&nbsp","[email&#160;protected]&nbsp",,,"Categories: Categories:",,"Categories: Schraven, screen, script, scripts, Section, see, Service, Services, size, src, static, strong, style, superseded, supplierdetails","A"
"Allmark Linemarking Services Pty Ltd","https://webapps.vicroads.vic.gov.au/vrne/prequal.nsf/b5fea222939e6f00ca25783e000334ef/d868f489963740f9ca256eb40025bd08?OpenDocument","Fresh","2025-09-12 10:38:59","Allmark Linemarking Services Pty Ltd&nbsp","&nbsp","7 Dempster StreetFERNTREE GULLY  VIC   3156&nbsp","PO Box 435   BCFERNTREE GULLY  VIC 3156&nbsp","0434 954 000&nbsp","[email&#160;protected]&nbsp",,"Categories: Categories:, Categories:",,,"Categories: screen, script, scripts, Sebastian, Section, Service, Services, size, src, static, Street, strong, STW, style, supplierdetails, Surface","A"
"Allstate Linemarking Services Pty Ltd","https://webapps.vicroads.vic.gov.au/vrne/prequal.nsf/b5fea222939e6f00ca25783e000334ef/31dd3d9c7e8c0c31ca2584800017d6c3?OpenDocument","Fresh","2025-09-12 10:39:00","Allstate Linemarking Services Pty Ltd&nbsp","&nbsp","83 Christensen RoadSTAPYLTON QLD   4207&nbsp","PO Box 114OXENFORD  QLD 4210&nbsp","0448 152 292&nbsp","[email&#160;protected]&nbsp",,"Categories: Categories:, Categories:",,,"Categories: screen, script, scripts, Section, Service, Services, size, src, STAPYLTON, static, strong, style, supplierdetails","A"
"Alpha Facilities Group Road and Rail **","https://webapps.vicroads.vic.gov.au/vrne/prequal.nsf/b5fea222939e6f00ca25783e000334ef/97ab0339e663a107ca257f9d0000f50e?OpenDocument","Fresh","2025-09-12 10:39:00","Alpha Facilities Group Pty Ltd&nbsp","Alpha Facilities Group Road and Rail &nbsp","Suite 48, 21-23 Aristoc RoadGLEN WAVERLEY  VIC   3150&nbsp","P O Box 150EAST KEW  VIC 3102&nbsp","&nbsp","[email&#160;protected]&nbsp",,,"Categories: Categories:",,"Categories: screen, script, scripts, Section, see, Senior, Service, Services, size, src, static, strong, style, Suite, superseded, supplierdetails","A"
"Alpha Indigenous Group Pty Ltd","https://webapps.vicroads.vic.gov.au/vrne/prequal.nsf/b5fea222939e6f00ca25783e000334ef/5d25774387c20d71ca25873b00811ebc?OpenDocument","Fresh","2025-09-12 10:39:01","Alpha Indigenous Group Pty Ltd&nbsp","&nbsp","8 International SquareTULLAMARINE  VIC   3043&nbsp","&quot;As Above&quot; &nbsp","&nbsp","&nbsp",,,"Categories: Categories:",,"Categories: screen, script, scripts, Section, see, Service, Services, size, Square, src, strong, style, superseded, supplierdetails","A"
"Alpine Civil Pty Ltd","https://webapps.vicroads.vic.gov.au/vrne/prequal.nsf/b5fea222939e6f00ca25783e000334ef/cdce1bc03a16d589ca258009000f3c48?OpenDocument","Fresh","2025-09-12 10:39:02","Alpine Civil Pty Ltd&nbsp","&nbsp","285 Dead Horse LaneMANSFIELD VIC   3722&nbsp","PO BOX 713MANSFIELD VIC 3723&nbsp","0401 079 950&nbsp","[email&#160;protected]&nbsp",,,,,"Categories: F010, R1, screen, script, scripts, Section, Service, size, Sonja, src, static, strong, style, supplierdetails","A"
"Altus Traffic Pty Ltd","https://webapps.vicroads.vic.gov.au/vrne/prequal.nsf/b5fea222939e6f00ca25783e000334ef/c31419fb452bdbe4ca2573a000211ae2?OpenDocument","Fresh","2025-09-12 10:39:02","Altus Traffic Pty Ltd&nbsp","&nbsp","Unit 1/28-50 Cyanamid StreetLAVERTON NORTH  VIC   3026&nbsp","&quot;As Above&quot; &nbsp","0438 821 663&nbsp","[email&#160;protected]&nbsp",,,"Categories: Categories:",,"Categories: screen, script, scripts, Section, see, Service, Services, size, src, static, Street, strong, style, superseded, supplierdetails","A"
"Amey Consulting Australia Pty Ltd","https://webapps.vicroads.vic.gov.au/vrne/prequal.nsf/b5fea222939e6f00ca25783e000334ef/4533ddef24a78534ca25811c007d2791?OpenDocument","Fresh","2025-09-12 10:39:03","Amey Consulting Australia Pty Ltd&nbsp","&nbsp","Ashurst Australia, Lvl 26, 181 William Street MELBOURNE  VIC   3000&nbsp","PO Box 424, Rural View, QUEENSLAND 4740&nbsp","+61 478 019 692&nbsp","[email&#160;protected]&nbsp","All road designs undertaken for, Rural Roads (RR) and Urban Roads (UR) to be verified by an independent pre qualified company with the provision of an accompanying verification report. The verification report to contain all identified review items in tabulated format as an Appendix.",,"Categories: Categories:",,"Categories: Safety, screen, script, scripts, Section, Service, Services, SH, Signing, Simple, Simulation, size, src, SS, static, Strategies, Street, strong, Structures, style, supplierdetails","A"
"AMG Systems Pty Ltd","https://webapps.vicroads.vic.gov.au/vrne/prequal.nsf/b5fea222939e6f00ca25783e000334ef/2833aa8fa7a52c53ca256d5800020e86?OpenDocument","Fresh","2025-09-12 10:39:04","AMG Systems Pty Ltd&nbsp","&nbsp","106 Northern RoadHEIDELBERG WEST  VIC   3081&nbsp","PO  BOX  498ROSANNA  VIC 3084&nbsp","0458 801 166&nbsp","[email&#160;protected]&nbsp","SVDL level conditional to wireless studs installation and first job being inspected.",,"Categories: Categories:","Categories: SCTV- Closed Circuit Television, SCTV - Communications, SSLC - Street Lighting & Conduit Installation, STCE - Traffic Control Equipment, STCE 1 - Traffic Control Equipment 1, STCE 2 - Traffic Control Equipment 2, STS - Traffic Signals, STS1 - Traffic Signals Installation, SVDL - Vehicle Detection Loops","Categories: screen, script, scripts, SCTV, Section, Service, Services, Signals, size, src, SSLC, static, STCE, Street, strong, STS, STS1, studs, style, supplierdetails, Supply, SVDL, Systems","A"
"AMH Civil Pty Ltd","https://webapps.vicroads.vic.gov.au/vrne/prequal.nsf/b5fea222939e6f00ca25783e000334ef/924e0a68ca9bf4bdca2586a100732990?OpenDocument","Fresh","2025-09-12 10:39:04","AMH Civil Pty Ltd&nbsp","&nbsp","2/11 Northpark DriveSOMERTON  VIC   3062&nbsp","&quot;As Above&quot; &nbsp","0409 126 516&nbsp","[email&#160;protected]&nbsp",,,,,"Categories: F001, R1, screen, script, scripts, Section, Service, size, SOMERTON, src, static, strong, style, supplierdetails","A"
"Amtek Solutions Pty Ltd","https://webapps.vicroads.vic.gov.au/vrne/prequal.nsf/b5fea222939e6f00ca25783e000334ef/06c3d62847b25b00ca257ea6007eccda?OpenDocument","Fresh","2025-09-12 10:39:05","Amtek Solutions Pty Ltd&nbsp","&nbsp","50C Cherry LaneLAVERTON NORTH  VIC   3026&nbsp","P O Box 280CAUFIELD SOUTH  VIC 3162&nbsp","0417 287 108&nbsp","[email&#160;protected]&nbsp",,,"Categories: Categories:","Categories: SCTV- Closed Circuit Television, SCTV - Communications, SSLC - Street Lighting & Conduit Installation, STCE - Traffic Control Equipment, STCE 1 - Traffic Control Equipment 1, STCE 2 - Traffic Control Equipment 2, STS - Traffic Signals, STS1 - Traffic Signals Installation","Categories: screen, script, scripts, SCTV, Section, Service, Services, Signals, size, Solutions, SOUTH, src, SSLC, static, STCE, Street, strong, STS, STS1, style, supplierdetails, Supply, Systems","A"
"Anitech Pty Ltd","https://webapps.vicroads.vic.gov.au/vrne/prequal.nsf/b5fea222939e6f00ca25783e000334ef/18afecc7b84f3cd8ca2584880006bc24?OpenDocument","Fresh","2025-09-12 10:39:06","Anitech Pty Ltd&nbsp","&nbsp","Suite 118, 203-205 Blackburn RoadMOUNT WAVERLEY  VIC   3149&nbsp","&quot;As Above&quot; &nbsp","0424 871 972&nbsp","[email&#160;protected]&nbsp",,,,,"Categories: screen, script, scripts, Section, Service, size, Specialists, src, static, strong, style, Suite, supplierdetails, Systems","A"
"Anthony Moodie &amp; Associates**","https://webapps.vicroads.vic.gov.au/vrne/prequal.nsf/b5fea222939e6f00ca25783e000334ef/abeb1015b33cd584ca258c590083456b?OpenDocument","Fresh","2025-09-12 10:39:06","Moodie Engineering Pty Ltd&nbsp","Anthony Moodie & Associates&nbsp","79 Banksia SteetEaglemont Vic   3084&nbsp","&quot;As Above&quot; &nbsp","0402 154 878&nbsp","[email&#160;protected]&nbsp",,,,,"Categories: screen, script, scripts, Section, Service, SH, Simple, size, src, static, Steet, strong, style, supplierdetails","A"
"Anthony T. Lindsay Pty Ltd","https://webapps.vicroads.vic.gov.au/vrne/prequal.nsf/b5fea222939e6f00ca25783e000334ef/a215b6561b043a54ca2582d70023532e?OpenDocument","Fresh","2025-09-12 10:39:07","Anthony T. Lindsay Pty Ltd&nbsp","&nbsp","54 Burness RoadBENALLA  VIC   3672&nbsp","P O Box 125BENALLA  VIC 3672&nbsp","0428 574 080&nbsp","[email&#160;protected]&nbsp",,"Categories: Categories:, Categories:, Maintenance Pavements (M2-PW)",,,"Categories: M2-PW, screen, script, scripts, Section, Service, size, src, static, strong, style, supplierdetails","A"
"Apex Earthworks Pty Ltd","https://webapps.vicroads.vic.gov.au/vrne/prequal.nsf/b5fea222939e6f00ca25783e000334ef/584641593f354d70ca2584aa0000b43d?OpenDocument","Fresh","2025-09-12 10:39:07","Apex Earthworks Pty Ltd&nbsp","&nbsp","907 Goulburn Valley HighwayCONGUPNA  VIC   3633&nbsp","PO Box 4066SHEPPARTON  VIC 3630&nbsp","0409 077 151&nbsp","[email&#160;protected]&nbsp",,,,,"Categories: B1, F020, R3, screen, script, scripts, Section, Service, SHEPPARTON, size, src, static, strong, style, supplierdetails","A"
"Appia Pty Ltd","https://webapps.vicroads.vic.gov.au/vrne/prequal.nsf/b5fea222939e6f00ca25783e000334ef/3adb991d44bbf37bca25833f001a13ba?OpenDocument","Fresh","2025-09-12 10:39:08","Appia Pty Ltd&nbsp","&nbsp","30 Pickering RoadMULGRAVE VIC   3170&nbsp","PO Box 443CHADSTONE CENTRE VIC 3148&nbsp","0434 229 004&nbsp","[email&#160;protected]&nbsp",,,,,"Categories: F002, R2, screen, script, scripts, Section, Service, size, src, static, strong, style, supplierdetails, Systems","A"
"Applied Infrastructure Pty Ltd","https://webapps.vicroads.vic.gov.au/vrne/prequal.nsf/b5fea222939e6f00ca25783e000334ef/2793feefbea4096eca2584310015449a?OpenDocument","Fresh","2025-09-12 10:39:09","Applied Infrastructure Pty Ltd&nbsp","&nbsp","46 Venture DriveSUNSHINE WEST   VIC   3020&nbsp","PO Box 642SUNSHINE   VIC 3020&nbsp","0450394786&nbsp","info@applied installations.com.au&nbsp","Prequalification STCE is conditional - The first three jobs completed will be inspected by the ITS Group for compliance with DoT specifications.",,"Categories: Categories:","Categories: SSLC - Street Lighting & Conduit Installation, STCE - Traffic Control Equipment, STCE 1 - Traffic Control Equipment 1, STCE 2 - Traffic Control Equipment 2","Categories: screen, script, scripts, Section, Service, Services, size, specifications, src, SSLC, STCE, Street, strong, style, SUNSHINE, supplierdetails, Supply, Systems","A"
"Aquatech Civil and Plumbing Pty Ltd","https://webapps.vicroads.vic.gov.au/vrne/prequal.nsf/b5fea222939e6f00ca25783e000334ef/dc641af0754a8c46ca25843c000346fc?OpenDocument","Fresh","2025-09-12 10:39:09","Aquatech Civil and Plumbing Pty Ltd&nbsp","&nbsp","11 Mitchell Drive,LEOPOLD  VIC   3224&nbsp","PO Box 268LEOPOLD  VIC 3224&nbsp","0428 456 678&nbsp","[email&#160;protected]&nbsp",,,,,"Categories: F002, R1, screen, script, scripts, Section, Service, size, src, static, strong, style, supplierdetails","A"
"Aquenta Consulting Pty Ltd","https://webapps.vicroads.vic.gov.au/vrne/prequal.nsf/b5fea222939e6f00ca25783e000334ef/121d496fc031d7a3ca257e37000ddc02?OpenDocument","Fresh","2025-09-12 10:39:10","Aquenta Consulting Pty Ltd&nbsp","&nbsp","11/452 Flinders StreetMELBOURNE  VIC   3000&nbsp","&quot;As Above&quot; &nbsp","0458 214 584&nbsp","[email&#160;protected]&nbsp",,,,,"Categories: screen, script, scripts, Section, Service, size, Specialist, src, static, Street, strong, Studies, style, supplierdetails","A"
"Arcadis Australia Pacific Pty Ltd","https://webapps.vicroads.vic.gov.au/vrne/prequal.nsf/b5fea222939e6f00ca25783e000334ef/a1d347f33e9ce2b7ca257ec80021f434?OpenDocument","Fresh","2025-09-12 10:39:11","Arcadis Australia Pacific Pty Ltd&nbsp","&nbsp","Level 18, Queen & Collins Tower376-390 Collins StreetMELBOURNE VIC   3000&nbsp","&quot;As Above&quot; &nbsp","0437 648 435&nbsp","[email&#160;protected]&nbsp","Pavement Design and Pavement Rehabilitation & Maintenace categories - ONLY Jun So is prequalified at ND1, ND2, and ND3, RM1, RM2, RM3 and RM4 levels.George Birt is prequalified to undertake Pavement Design & Pavement Rehabilitation Design categories - ND1, ND2, RM1 and RM2 levels only.",,"Categories: Categories:",,"Categories: Safety, screen, script, scripts, Section, Sensitive, Service, Services, SH, Signal, Signing, Simple, Simulation, Singh, size, Sleiman, So, Specialist, Specialists, src, SS, ST, Statement, static, Strategic, Strategies, Strategy, Street, strong, Structures, Studies, Study, style, supplierdetails, Survey, surveys, Systems","A"
"Arenco (NSW) Pty Ltd","https://webapps.vicroads.vic.gov.au/vrne/prequal.nsf/b5fea222939e6f00ca25783e000334ef/f1e68c5915281ef6ca2578a300297c06?OpenDocument","Fresh","2025-09-12 10:39:11","Arenco (NSW) Pty Ltd&nbsp","&nbsp","184 Adderley Street WestAUBURN  NSW   2124&nbsp","&quot;As Above&quot; &nbsp","0499 456 706&nbsp","[email&#160;protected]&nbsp",,,,,"Categories: B4, F050, R3, Saba, screen, script, scripts, Section, Service, size, src, static, Street, strong, style, supplierdetails, Systems","A"
"Argon Services Pty Ltd","https://webapps.vicroads.vic.gov.au/vrne/prequal.nsf/b5fea222939e6f00ca25783e000334ef/95a6941cba797196ca25855f0025905e?OpenDocument","Fresh","2025-09-12 10:39:12","Argon Services Pty Ltd&nbsp","&nbsp","Factory 3, 51 Rushdale StreetKNOXFIELD  VIC   3180&nbsp","&quot;As Above&quot; &nbsp","0410 400 321&nbsp","[email&#160;protected]&nbsp",,,"Categories: Categories:","Categories: SSLC - Street Lighting & Conduit Installation, STCE 1 - Traffic Control Equipment 1","Categories: screen, script, scripts, Section, Service, Services, size, src, SSLC, static, STCE, Street, strong, style, supplierdetails, Supply, Systems","A"
"Argot Consultants Pty Ltd","https://webapps.vicroads.vic.gov.au/vrne/prequal.nsf/b5fea222939e6f00ca25783e000334ef/ab688b1e51d90a6cca2578260006c9f5?OpenDocument","Fresh","2025-09-12 10:39:12","Argot Consultants Pty Ltd&nbsp","&nbsp","35 Candlebark QuadrantROWVILLE   3178&nbsp","&quot;As Above&quot; &nbsp","0418 177 600&nbsp","[email&#160;protected]&nbsp",,,"Categories: Categories:",,"Categories: screen, script, scripts, Section, Service, Services, SH, Simple, size, src, static, strong, style, supplierdetails","A"
"Argus Construction Services (Vic) Pty Ltd","https://webapps.vicroads.vic.gov.au/vrne/prequal.nsf/b5fea222939e6f00ca25783e000334ef/8f97077406ae7f59ca2586e3001c2ca4?OpenDocument","Fresh","2025-09-12 10:39:13","Argus Construction Services (Vic) Pty Ltd&nbsp","&nbsp","691 Burke RoadCAMBERWELL   VIC   3124&nbsp","&quot;As Above&quot; &nbsp","0448 800 650&nbsp","[email&#160;protected]&nbsp",,,"Categories: Categories:",,"Categories: screen, script, scripts, Section, see, Service, Services, size, src, static, strong, style, superseded, supplierdetails","A"
"Artcraft Pty Ltd","https://webapps.vicroads.vic.gov.au/vrne/prequal.nsf/b5fea222939e6f00ca25783e000334ef/59bfca19277073a1ca257856001e6db6?OpenDocument","Fresh","2025-09-12 10:39:14","Artcraft Pty Ltd&nbsp","&nbsp","79 -81 Wedgewood RoadHallam  VIC   3803&nbsp","PO Box 5001HALLAM  VIC 3803&nbsp","0432 247 035&nbsp","[email&#160;protected]&nbsp",,"Categories: Categories:, Categories:",,,"Categories: screen, script, scripts, SE, Section, Service, Sign, size, src, static, strong, style, supplierdetails","A"
"Arup Australia Pty Limited","https://webapps.vicroads.vic.gov.au/vrne/prequal.nsf/b5fea222939e6f00ca25783e000334ef/974b00bcc3787c24ca25841100814716?OpenDocument","Fresh","2025-09-12 10:39:14","Arup Australia Pty Limited&nbsp","&nbsp","Arup , Sky Park, 1 Melbourne Quarter, 699 Collins StreetDOCKLANDS  VIC   3008&nbsp","&quot;As Above&quot; &nbsp","+61 431 874 722&nbsp","[email&#160;protected]&nbsp","Approved DoT Proof Engineers - Road & Design: - Harry Watson - PE (NER) Jefferey Michael Booker - PE (NER)",,"Categories: Categories:",,"Categories: Safety, Scheme, Scott, screen, script, scripts, Section, see, Sensitive, Service, Services, SH, SI, Signal, Signing, Simple, Simulation, size, Sky, Social, Specialist, Specialists, src, SS, ST, Statement, static, Strategic, Strategies, Strategy, Street, strong, Structures, Studies, Study, style, superseded, supplierdetails, Survey, Surveys, surveys, Systems","A"
"ASK Traffic Plans and Consulting**","https://webapps.vicroads.vic.gov.au/vrne/prequal.nsf/b5fea222939e6f00ca25783e000334ef/086a8d3ce6c2652bca2587ca00044842?OpenDocument","Fresh","2025-09-12 10:39:15","ASK Traffic Management Plans Pty Ltd&nbsp","ASK Traffic Plans and Consulting&nbsp","27 Aspendale CrescentSHEPPARTON  VIC   3630&nbsp","&quot;As Above&quot; &nbsp","0418 994 104&nbsp","[email&#160;protected]&nbsp",,,"Categories: Categories:",,"Categories: screen, script, scripts, Section, see, Service, Services, SHEPPARTON, size, src, static, strong, style, superseded, supplierdetails","A"
"ASPECT Studios Pty Ltd","https://webapps.vicroads.vic.gov.au/vrne/prequal.nsf/b5fea222939e6f00ca25783e000334ef/81452e5f2e8f7e42ca257ceb008009e7?OpenDocument","Fresh","2025-09-12 10:39:16","ASPECT Studios Pty Ltd&nbsp","&nbsp","Level 1, 30-32 Easey StreetCollingwood VIC   3066&nbsp","&quot;As Above&quot; &nbsp","0409 590 221&nbsp","[email&#160;protected]&nbsp",,,,,"Categories: screen, script, scripts, Section, Service, size, Specialist, Specialists, src, static, Street, strong, Studies, Studios, style, supplierdetails","A"
"Asphalt FX Pty Ltd","https://webapps.vicroads.vic.gov.au/vrne/prequal.nsf/b5fea222939e6f00ca25783e000334ef/ee3a35a678456e30ca257dab0011a032?OpenDocument","Fresh","2025-09-12 10:39:16","Asphalt FX Pty Ltd&nbsp","&nbsp","3 Apoinga StreetDANDENONG SOUTH  VIC   3175&nbsp","&quot;As Above&quot; &nbsp","0408 218 538&nbsp","[email&#160;protected][email&#160;protected]&nbsp","G2-RSA conditional upon: 1. not tendering on VicRoads regionwide asphalt placement contracts. and 2. not tendering on asphalt placement contracts involving work on Highways or Freeways within VicRoads Metropolitan Regions.","Categories: Categories:, Categories:",,,"Categories: screen, script, scripts, Section, Service, size, SOUTH, src, static, Street, strong, style, supplierdetails, Surfacing","A"
"Asphalt Paving Services**","https://webapps.vicroads.vic.gov.au/vrne/prequal.nsf/b5fea222939e6f00ca25783e000334ef/518f063c2bfa8d64ca256fcb001f1779?OpenDocument","Fresh","2025-09-12 10:39:17","Hetekaro Pty Ltd&nbsp","Asphalt Paving Services&nbsp","15 Dalton StreetSOUTH GEELONG  VIC   3220&nbsp","PO  BOX  1225GEELONG  VIC 3220&nbsp","0418 521 582&nbsp","[email&#160;protected] &nbsp",,"Categories: Categories:, Categories:",,,"Categories: screen, script, scripts, Section, Service, Services, size, SOUTH, src, static, Street, strong, style, supplierdetails","A"
"Asphaltech**","https://webapps.vicroads.vic.gov.au/vrne/prequal.nsf/b5fea222939e6f00ca25783e000334ef/2f4d5317359087f3ca257328007c0515?OpenDocument","Fresh","2025-09-12 10:39:17","Asphaltech (Vic) Pty Ltd&nbsp","Asphaltech&nbsp","138 Freight DriveSOMERTON  VIC   3062&nbsp","&quot;As Above&quot; &nbsp","0428 283 817&nbsp","[email&#160;protected]&nbsp","Other Contacts: David Simmons - Regional Manager, 0434 443 959, [email&#160;protected]Costa Kremastas - Operations Project Manager -0429 692 955, [email&#160;protected]","Categories: Categories:, Categories:",,,"Categories: screen, script, scripts, Section, Service, Simmons, size, SOMERTON, src, static, strong, style, supplierdetails, Surfacing","A"
"AT&amp;L and Associates Pty Ltd","https://webapps.vicroads.vic.gov.au/vrne/prequal.nsf/b5fea222939e6f00ca25783e000334ef/898789c07dbd5856ca2588c4000da9ab?OpenDocument","Fresh","2025-09-12 10:39:18","AT&L and Associates Pty Ltd&nbsp","&nbsp","L7 153 Walker StreetNORTH SYDNEY  NSW   2060&nbsp","&quot;As Above&quot; &nbsp","0416 055 488&nbsp","[email&#160;protected]&nbsp","Road Design Rural Roads (RR) with condition: All safety barrier designs undertaken at Rural Roads (RR) level to be verified by an independent pre-qualified company with the provision of an accompanying verification report. The verification report is to contain all identified review items in tabulated format as an Appendix.WSRD (Modelling & Design) category Approved with two conditions:1. Projects are to be verified by an independent prequalified company (non-conditional) who has done recent WSRD work on DTP roads. This process requires an independent verification report that contains all identified items in a tabulated format as an Appendix. Note: The requirement for this condition can be reconsidered by DTP in the future by providing three examples of large scale WSRD (modelling and design) projects, suitable for state managed road projects, and the verification reports for evaluation.2: The Consultant cannot conduct landscape design or provide advice on the landscape component of maintenance plans",,,,"Categories: safety, scale, screen, script, scripts, Section, Sensitive, Service, SH, Simple, size, src, state, static, Street, strong, style, suitable, supplierdetails, SYDNEY","A"
"Aurecon Australasia Pty Ltd","https://webapps.vicroads.vic.gov.au/vrne/prequal.nsf/b5fea222939e6f00ca25783e000334ef/e6d57020de16fd69ca256d5c0019a0db?OpenDocument","Fresh","2025-09-12 10:39:19","Aurecon Australasia Pty Ltd&nbsp","&nbsp","Aurecon Centre, Lvl 8, 850 Collins StreetDOCKLANDS VIC   3008&nbsp","PO BOX 23061DOCKLANDS  VIC 8012&nbsp","0432 168 511&nbsp","&nbsp",,,"Categories: Categories:",,"Categories: Safety, Scheme, screen, script, scripts, Section, Senior, Sensitive, Service, Services, SH, Signal, Signing, Simple, Simulation, size, Specialist, Specialists, src, Srivelan, SRSA, SS, ST, Statement, Steph, Strategic, Strategies, Strategy, Street, strong, Structures, Studies, Study, style, supplierdetails, Survey, surveys, Systems","A"
"Aus Group Alliance Pty Ltd","https://webapps.vicroads.vic.gov.au/vrne/prequal.nsf/b5fea222939e6f00ca25783e000334ef/9b2b4aa775554e15ca257bb700835881?OpenDocument","Fresh","2025-09-12 10:39:19","Aus Group Alliance Pty Ltd&nbsp","&nbsp","5 Fiveways BlvdKeysborough Vic   3173&nbsp","&quot;As Above&quot; &nbsp","0420 317 196&nbsp","[email&#160;protected]&nbsp",,"Categories: Categories:, Categories:",,,"Categories: screen, script, scripts, Section, Service, size, src, static, strong, style, supplierdetails","A"
"Ausland Landscaping**","https://webapps.vicroads.vic.gov.au/vrne/prequal.nsf/b5fea222939e6f00ca25783e000334ef/d7ca4cbcfc9ac2ceca25834d007cb07f?OpenDocument","Fresh","2025-09-12 10:39:20","Nickelodian Holdings Pty Ltd&nbsp","Ausland Landscaping&nbsp","17 Enterprise WaySUNSHINE WEST  VIC   3020&nbsp","&quot;As Above&quot; &nbsp","0418 538 821&nbsp","[email&#160;protected]&nbsp",,"Categories: Categories:, Categories:",,,"Categories: screen, script, scripts, Section, Service, size, src, static, strong, style, SUNSHINE, supplierdetails","A"
"Ausroads Traffic Management Pty Ltd","https://webapps.vicroads.vic.gov.au/vrne/prequal.nsf/b5fea222939e6f00ca25783e000334ef/e063aab55ec400f0ca258300000040a4?OpenDocument","Fresh","2025-09-12 10:39:21","Ausroads Traffic Management Pty Ltd&nbsp","&nbsp","45 Norbury RoadBEACONSFIELD UPPER  VIC   3808&nbsp","P O Box 8BEACONSFIELD UPPER  VIC 3808&nbsp","0419 144 464&nbsp","[email&#160;protected]&nbsp",,,"Categories: Categories:",,"Categories: screen, script, scripts, Section, see, Service, Services, size, src, static, strong, style, superseded, supplierdetails","A"
"Aussie Bridges Pty Ltd","https://webapps.vicroads.vic.gov.au/vrne/prequal.nsf/b5fea222939e6f00ca25783e000334ef/18bbc5798f9be0b4ca258408001f8557?OpenDocument","Fresh","2025-09-12 10:39:21","Aussie Bridges Pty Ltd&nbsp","&nbsp","504 Hargreaves StreetBENDIGO  VIC   3550&nbsp","&quot;As Above&quot; &nbsp","&nbsp","[email&#160;protected]&nbsp",,,,,"Categories: screen, script, scripts, Section, Service, Simple, size, src, SS, static, Street, strong, Structures, style, supplierdetails","A"
"AusSpan**","https://webapps.vicroads.vic.gov.au/vrne/prequal.nsf/b5fea222939e6f00ca25783e000334ef/8dece8c0d9586e88ca257a16001c3faa?OpenDocument","Fresh","2025-09-12 10:39:22","Tas-Span Pty Ltd&nbsp","AusSpan&nbsp","27-28 Faulkner DriveLATROBE  TAS   7307&nbsp","PO Box 225Latrobe TAS 7303&nbsp","0429 964 011&nbsp","[email&#160;protected]&nbsp",,,,,"Categories: screen, script, scripts, Section, Service, Services, size, Span, Specialists, src, static, strong, style, supplierdetails","A"
"Austraffic**","https://webapps.vicroads.vic.gov.au/vrne/prequal.nsf/b5fea222939e6f00ca25783e000334ef/a1d21bf15092aa20ca257d720008356a?OpenDocument","Fresh","2025-09-12 10:39:22","Appian Way Enterprises Pty Ltd&nbsp","Austraffic&nbsp","Unit 1, 56 Centre WayCROYDON SOUTH  VIC   3136&nbsp","&quot;As Above&quot; &nbsp","0431 131 313&nbsp","[email&#160;protected]&nbsp",,,"Categories: Categories:",,"Categories: screen, script, scripts, Section, Service, Services, size, SOUTH, Speed, src, static, strong, style, supplierdetails, Survey, surveys, Surveys","A"
"Australian Barriers Pty Ltd","https://webapps.vicroads.vic.gov.au/vrne/prequal.nsf/b5fea222939e6f00ca25783e000334ef/22f9a8ea8f5b3b61ca257f24001757ba?OpenDocument","Fresh","2025-09-12 10:39:23","Australian Barriers Pty Ltd&nbsp","&nbsp","44 Lindon CourtTULLAMARINE  VIC   3043&nbsp","&quot;As Above&quot; &nbsp","0400 768 714&nbsp","[email&#160;protected]&nbsp",,,"Categories: Categories:",,"Categories: screen, script, scripts, Section, see, Service, Services, size, src, static, strong, style, superseded, supplierdetails","A"
"Australian Barriers Pty. Ltd.","https://webapps.vicroads.vic.gov.au/vrne/prequal.nsf/b5fea222939e6f00ca25783e000334ef/45949cd248f9b936ca258b030017956d?OpenDocument","Fresh","2025-09-12 10:39:24","Australian Barriers Pty. Ltd.&nbsp","&nbsp","44 Lindon CourtTullamarine, VIC   3043&nbsp","&quot;As Above&quot; &nbsp","0400 768 714&nbsp","[email&#160;protected]&nbsp",,"Categories: Categories:, Categories:",,,"Categories: screen, script, scripts, Section, Service, size, src, static, strong, style, supplierdetails","A"
"Australian Ecosystems Pty Ltd","https://webapps.vicroads.vic.gov.au/vrne/prequal.nsf/b5fea222939e6f00ca25783e000334ef/dbf0b975bde5f76eca257ce0007e837e?OpenDocument","Fresh","2025-09-12 10:39:24","Australian Ecosystems Pty Ltd&nbsp","&nbsp","Unit 2 / 49 Bertie StreetPort Melbourne, VIC   3207&nbsp","PO Box 583Port Melbourne, VIC 3207&nbsp","&nbsp","[email&#160;protected]&nbsp",,,,,"Categories: screen, script, scripts, Section, Service, size, src, static, Street, strong, style, supplierdetails","A"
"Australian Geotechnical Testing**","https://webapps.vicroads.vic.gov.au/vrne/prequal.nsf/b5fea222939e6f00ca25783e000334ef/961191e9d6b504beca2581d4001deda6?OpenDocument","Fresh","2025-09-12 10:39:25","K S Talbot Pty Ltd&nbsp","Australian Geotechnical Testing&nbsp","2/1109 Raglan PdeWarrnambool Vic   3280&nbsp","PO Box 1018Warrnambool 3280&nbsp","0419 349 906&nbsp","[email&#160;protected][email&#160;protected]&nbsp",,,,,"Categories: screen, script, scripts, Section, Senior, Service, size, src, static, strong, style, supplierdetails","A"
"Australian Safety &amp; Environmental Services**","https://webapps.vicroads.vic.gov.au/vrne/prequal.nsf/b5fea222939e6f00ca25783e000334ef/58d238a0ad6d2fa5ca2578330018335d?OpenDocument","Fresh","2025-09-12 10:39:26","Workvision Pty Ltd&nbsp","Australian Safety & Environmental Services&nbsp","Suite 408, 1 Princess StKEW  VIC   3101&nbsp","&quot;As Above&quot; &nbsp","0402 481 389&nbsp","[email&#160;protected]&nbsp",,,,,"Categories: Safety, screen, script, scripts, Section, Service, Services, size, src, St, static, strong, style, Suite, supplierdetails","A"
"Australian Traffic Control (ATC) Pty Ltd","https://webapps.vicroads.vic.gov.au/vrne/prequal.nsf/b5fea222939e6f00ca25783e000334ef/75c736891d008593ca2573ca001683d6?OpenDocument","Fresh","2025-09-12 10:39:26","Australian Traffic Control (ATC) Pty Ltd&nbsp","&nbsp","3 97-107 Canterbury RoadKilsyth VIC   3137&nbsp","PO  BOX  661LILYDALE  VIC 3140&nbsp","0408 575 694&nbsp","[email&#160;protected]&nbsp",,,"Categories: Categories:",,"Categories: screen, script, scripts, Section, see, Service, Services, size, src, static, strong, style, superseded, supplierdetails","A"
"Avard Civil Pty Ltd","https://webapps.vicroads.vic.gov.au/vrne/prequal.nsf/b5fea222939e6f00ca25783e000334ef/08565c08c2843d1aca257ede00239dcc?OpenDocument","Fresh","2025-09-12 10:39:27","Avard Civil Pty Ltd&nbsp","&nbsp","132 Strickland RoadBENDIGO  VIC   3550&nbsp","As above &nbsp","0402 859 696&nbsp","[email&#160;protected]&nbsp",,,,,"Categories: B1, F015, R1, screen, script, scripts, Section, Service, size, src, static, Strickland, strong, style, supplierdetails","A"
"Axent Global**","https://webapps.vicroads.vic.gov.au/vrne/prequal.nsf/b5fea222939e6f00ca25783e000334ef/66fdc1e405e8d897ca256d5800020e97?OpenDocument","Fresh","2025-09-12 10:39:27","Axent Holdings Pty Ltd&nbsp","Axent Global&nbsp","3 Torteval PlaceCLAYTON  VIC   3168&nbsp","PO BOX  463 MULGRAVE NORTH  VIC 3170&nbsp","0467 600 223&nbsp","[email&#160;protected]&nbsp",,"Categories: Categories:, Categories:","Categories: Categories:","Categories: SCTV- Closed Circuit Television, SCTV - Communications, SOED - Supply of On-Road Electronic Devices","Categories: screen, script, scripts, SCTV, SE, Section, see, Service, Services, Sign, size, SOED, src, static, strong, style, superseded, supplierdetails, Supply, Systems","A"
"Axiom Consulting Engineers Pty Ltd","https://webapps.vicroads.vic.gov.au/vrne/prequal.nsf/b5fea222939e6f00ca25783e000334ef/e8e39656056d1f2fca258331001a6c70?OpenDocument","Fresh","2025-09-12 10:39:28","Axiom Consulting Engineers Pty Ltd&nbsp","&nbsp","6 Webster StreetBALLARAT  VIC   3350&nbsp","&quot;As Above&quot; &nbsp","0422 328 214&nbsp","[email&#160;protected]&nbsp",,,,,"Categories: screen, script, scripts, Section, Service, size, src, static, Street, strong, style, supplierdetails","A"
"Axis Infrastructure Pty Ltd","https://webapps.vicroads.vic.gov.au/vrne/prequal.nsf/b5fea222939e6f00ca25783e000334ef/6d3204f9867f693aca258a29000bc757?OpenDocument","Fresh","2025-09-12 10:39:29","Axis Infrastructure Pty Ltd&nbsp","&nbsp","1A Randor StreetCAMPBELLFIELD  VIC   3061&nbsp","&quot;As Above&quot; &nbsp","0403 704 608&nbsp","[email&#160;protected]&nbsp",,,,,"Categories: B3, F005, R2, screen, script, scripts, Section, Service, size, src, static, Street, strong, style, supplierdetails","A"
"A&amp;Y Associates Pty Ltd","https://webapps.vicroads.vic.gov.au/vrne/prequal.nsf/b5fea222939e6f00ca25783e000334ef/3917f577d3125750ca2584b70014589e?OpenDocument","Fresh","2025-09-12 10:39:29","A&Y Associates Pty Ltd&nbsp","&nbsp","5/16 Network DriveTRUGANINA VIC   3029&nbsp","&quot;As Above&quot; &nbsp","0449 288 338&nbsp","[email&#160;protected]&nbsp",,,,,"Categories: screen, script, scripts, Section, Service, size, src, static, strong, style, supplierdetails","A"
"Aldridge Traffic Systems Pty Ltd","https://webapps.vicroads.vic.gov.au/vrne/prequal.nsf/b5fea222939e6f00ca25783e000334ef/59717a6f363f5046ca257788000976a9?OpenDocument","Fresh","2025-09-12 10:39:30","Aldridge Traffic Systems Pty Ltd (Under Voluntary Administration)&nbsp","&nbsp","31 Brisbane StreetELTHAM   VIC   3095&nbsp","PO Box 828 ELTHAM   VIC 3095&nbsp","0439 807 862&nbsp","[email&#160;protected]&nbsp",,,"Categories: Categories:","Categories: SOED - Supply of On-Road Electronic Devices, SSLC - Street Lighting & Conduit Installation, STCE - Traffic Control Equipment, STCE 1 - Traffic Control Equipment 1, STCE 2 - Traffic Control Equipment 2, STS - Traffic Signals, STS1 - Traffic Signals Installation","Categories: screen, script, scripts, Section, Service, Services, Signals, size, SOED, src, SSLC, static, STCE, Street, strong, STS, STS1, style, supplierdetails, Supply, Systems","A"
